"CUSTOMER_ID","ACQUISITION_TYPE","REFERENCE_ID","PHONE_NUMBER","CUSTOMER_GENDER","DATE_OF_BIRTH","FIRST_NAME","LAST_NAME","CUSTOMER_EMAIL","POST_CODE","HOUSE_NUMBER","AD_ID"
"C1","Paid","","+44905669914","Male",1993-03-15," Nicole","Diaz","nicole_diaz@gmail.com","S65 2AT",49,"17"
"C2","Organic","","+444539055452","Male",1985-11-10," Alyssa","Cox","alyssa_cox@gmail.com","PL17 8HH",12,""
"C3","Organic","","+441531077147","Female",1999-09-06," Andrew","Thompson","andrew_thompson@gmail.com","G22 7LL",17,""
"C4","Paid","","+444256028425","Male",1980-11-24," Aabid","al-Mansouri","aabid_al-mansouri@yahoo.com","W3 8PP",10,"39"
"C5","Paid","","+445170028115","Female",1983-03-08," Dante","Bellinger","dante_bellinger@yahoo.com","WA15 5SG",17,"37"
"C6","Referral","C1","+447534332525","Female",1999-10-21," Madeleine","Dayton","madeleine_dayton@outlook.com","PL19 9AH",12,""
"C7","Paid","","+445393105721","Male",1983-06-06," Jared","Campbell","jared_campbell@hotmail.com","SE9 5NB",25,"4"
"C8","Organic","","+447035469856","Female",2000-02-11," Kristen","Johnson","kristen_johnson@gmail.com","S80 4HF",2,""
"C9","Organic","","+442334287893","Female",1992-01-20," Krysti","Ruiz","krysti_ruiz@outlook.com","SK14 2NQ",1,""
"C10","Organic","","+44571286260","Male",1994-03-31," Orion","Perry","orion_perry@yahoo.com","SG9 9RG",21,""
"C11","Organic","","+449605403105","Male",2003-07-14," Karolyn","Pietrowicz","karolyn_pietrowicz@gmail.com","CH41 9AX",28,""
"C12","Organic","","+442546628532","Male",2005-06-19," Mutee'a","el-Shaheen","mutee'a_el-shaheen@gmail.com","G13 4QB",3,""
"C13","Organic","","+444860069831","Male",1980-06-19," Nehumi","Myers","nehumi_myers@hotmail.com","PA1 1DX",13,""
"C14","Organic","","+443329801747","Male",2000-07-05," Kwamisha","Fox","kwamisha_fox@outlook.com","CR9 1SH",44,""
"C15","Paid","","+445448155164","Male",1980-09-01," Kayla","Gosney","kayla_gosney@gmail.com","EN4 9PL",23,"23"
"C16","Organic","","+448273334489","Female",1995-01-13," Hannah","Moore","hannah_moore@yahoo.com","WR9 7FZ",34,""
"C17","Organic","","+442917169235","Female",1992-09-29," Chanon","Neuroth","chanon_neuroth@yahoo.com","E6 2BA",37,""
"C18","Paid","","+444918006711","Male",2002-04-26," Kyle","Lorenz","kyle_lorenz@yahoo.com","CV23 8UW",19,"48"
"C19","Paid","","+444377161481","Female",1996-01-23," Cesar","Linenberger","cesar_linenberger@hotmail.com","NE30 3SU",37,"18"
"C20","Organic","","+446913180000","Female",1993-02-09," Dominique","Reyes","dominique_reyes@gmail.com","EN1 9ER",9,""
"C21","Organic","","+441761343538","Male",1981-02-22," Timothy","Sloan","timothy_sloan@outlook.com","SK9 4HR",14,""
"C22","Organic","","+444687536705","Female",1997-10-07," Abriana","Critton-Brown","abriana_critton-brown@outlook.com","BT53 7AS",38,""
"C23","Organic","","+447931116958","Male",1988-07-15," Niashay","Jordan","niashay_jordan@hotmail.com","DN5 0BY",44,""
"C24","Organic","","+443302033736","Female",1998-01-15," Mary","Davis","mary_davis@outlook.com","LE9 8DX",35,""
"C25","Organic","","+447833799375","Male",1998-02-03," Morgan","Marsden","morgan_marsden@hotmail.com","CM16 6AU",42,""
"C26","Organic","","+447468437964","Female",1991-12-09," Arwa","el-Hashim","arwa_el-hashim@yahoo.com","L7 7JA",20,""
"C27","Referral","C20","+443638061693","Male",1996-04-19," Zubair","el-Demian","zubair_el-demian@gmail.com","TA21 9EL",40,""
"C28","Organic","","+449901829639","Female",1980-02-20," Aric","Mc Carter","aric_mccarter@hotmail.com","SK1 1AL",47,""
"C29","Organic","","+441193818824","Male",2006-08-18," Dakota","Villanueva","dakota_villanueva@yahoo.com","LN2 2HY",48,""
"C30","Paid","","+445028046756","Female",1988-05-31," Muneeb","el-Yassin","muneeb_el-yassin@outlook.com","RG30 1DD",3,"44"
"C31","Organic","","+444114363918","Male",1988-07-05," Ellyn","Kivett","ellyn_kivett@outlook.com","YO8 4DP",23,""
"C32","Organic","","+443344538","Male",1992-01-09," Elaine","Phillips","elaine_phillips@hotmail.com","SO16 5LA",25,""
"C33","Organic","","+443214657265","Male",1986-08-07," Amy","Xiong","amy_xiong@gmail.com","GU12 4BN",36,""
"C34","Paid","","+441690601056","Female",1991-07-17," Niavis","Dorrance","niavis_dorrance@yahoo.com","IP9 1PH",29,"31"
"C35","Organic","","+447328703015","Male",2000-08-07," Haaroon","al-Shabazz","haaroon_al-shabazz@outlook.com","TN4 8BY",37,""
"C36","Paid","","+444104089274","Male",2001-02-02," Cecilia","Torrez","cecilia_torrez@hotmail.com","BT23 4GU",37,"36"
"C37","Organic","","+447480083735","Female",2000-05-12," Nicholas","Veatch","nicholas_veatch@gmail.com","LS1 2BH",19,""
"C38","Paid","","+44597795905","Female",1983-06-01," Desiree","Mack","desiree_mack@yahoo.com","TN10 4PD",8,"40"
"C39","Organic","","+445775080039","Male",1994-11-13," Jennifer","Roesies","jennifer_roesies@gmail.com","M30 7NN",35,""
"C40","Paid","","+446243518106","Female",1997-06-04," Samuel","Rodriguez","samuel_rodriguez@outlook.com","NG1 7DN",41,"20"
"C41","Organic","","+443545617993","Female",1996-06-03," Megan","Rodriguez","megan_rodriguez@outlook.com","OX29 0RE",25,""
"C42","Referral","C34","+442795604509","Male",1989-07-04," Dion","Solomon","dion_solomon@hotmail.com","MK18 3GR",17,""
"C43","Paid","","+447302035087","Male",1987-03-16," Aubrey","Ellingson","aubrey_ellingson@hotmail.com","SW5 9EU",35,"47"
"C44","Referral","C40","+447570853625","Female",2006-07-30," Alec","Huynh","alec_huynh@hotmail.com","EH54 9FP",39,""
"C45","Organic","","+444164593329","Male",1995-01-07," Heather","Denell","heather_denell@outlook.com","M26 1RZ",19,""
"C46","Organic","","+448275487451","Female",1998-03-24," Keenan","Johnson","keenan_johnson@hotmail.com","CF37 4BA",16,""
"C47","Organic","","+448864491450","Male",1994-10-25," Tyler","Mckinney","tyler_mckinney@yahoo.com","PL3 5HQ",15,""
"C48","Organic","","+44347918911","Female",2001-11-11," Mary","Malkan","mary_malkan@outlook.com","TN21 8SJ",8,""
"C49","Referral","C47","+44682943312","Male",1994-04-03," Gage","Kenney","gage_kenney@outlook.com","AB12 5RQ",47,""
"C50","Paid","","+447134872908","Female",1988-12-17," Jesus","Villa","jesus_villa@hotmail.com","CV37 6DN",6,"23"
"C51","Organic","","+442182343461","Male",2002-05-26," Jadreanna","Cude","jadreanna_cude@outlook.com","DN20 9HR",7,""
"C52","Organic","","+448346753821","Male",1997-01-25," Angelica","Rizvi","angelica_rizvi@gmail.com","NE2 4AB",44,""
"C53","Referral","C47","+442222581500","Female",2003-01-21," Alexander","Lim","alexander_lim@hotmail.com","HX5 0AD",15,""
"C54","Organic","","+442480991674","Male",1999-03-15," Larisa","Davidson","larisa_davidson@outlook.com","CW7 1TQ",26,""
"C55","Organic","","+44766598356","Female",1994-07-01," Ameer","el-Ansari","ameer_el-ansari@gmail.com","GL56 0ST",8,""
"C56","Paid","","+441770843664","Female",2000-12-30," Samuel","Compton","samuel_compton@yahoo.com","G82 4LR",6,"15"
"C57","Paid","","+444308636250","Female",1982-07-29," Luis","Felix","luis_felix@gmail.com","UB5 6LB",10,"46"
"C58","Organic","","+44264362541","Female",1981-05-10," Zachary","Nickell","zachary_nickell@yahoo.com","BL1 5QE",23,""
"C59","Organic","","+444528359161","Male",1990-03-18," Jadira","Ibarra","jadira_ibarra@yahoo.com","BT66 8NY",12,""
"C60","Paid","","+448323621815","Male",1984-08-25," Byron","Ng","byron_ng@outlook.com","SG5 4HF",12,"21"
"C61","Paid","","+442498619554","Male",2002-09-17," Kunawat","Garcia","kunawat_garcia@outlook.com","SK5 7SU",20,"46"
"C62","Organic","","+449814056073","Male",1990-11-30," Blake","Fehr","blake_fehr@outlook.com","CV23 1AT",5,""
"C63","Organic","","+446646238051","Male",2003-08-25," Raabia","al-Abdulla","raabia_al-abdulla@outlook.com","YO42 4TY",11,""
"C64","Organic","","+444536527852","Female",2002-10-15," Erin","Wilson","erin_wilson@gmail.com","DN36 5DL",31,""
"C65","Organic","","+449689601352","Male",1981-06-28," Christopher","Phillips Trujillo","christopher_phillipstrujillo@yahoo.com","IG2 7AN",21,""
"C66","Paid","","+448657870014","Female",1986-07-27," Devonte","Outlar","devonte_outlar@outlook.com","LL40 2UR",14,"5"
"C67","Paid","","+446617505397","Female",1993-03-14," Ariana","Martinez","ariana_martinez@outlook.com","BD8 7DZ",40,"7"
"C68","Paid","","+448902282366","Male",1996-08-09," Frederick","Chain","frederick_chain@gmail.com","OL12 6RT",11,"25"
"C69","Organic","","+446274878871","Female",2002-07-16," Michael","Naranjo","michael_naranjo@outlook.com","OX14 4LX",24,""
"C70","Organic","","+445403413629","Female",1982-12-27," Tah'Kalah","Brooks","tah'kalah_brooks@hotmail.com","M3 3ER",44,""
"C71","Organic","","+449664915130","Male",2000-08-11," Acineth","Quick Bear","acineth_quickbear@outlook.com","PE14 9AP",39,""
"C72","Paid","","+445160219466","Male",1994-07-07," Anne Elise","Klein","anneelise_klein@hotmail.com","TW20 9JD",29,"18"
"C73","Organic","","+444931975292","Female",1996-03-28," Haniyya","al-Ahmad","haniyya_al-ahmad@gmail.com","WS3 1LT",21,""
"C74","Organic","","+449799223587","Male",1989-01-02," Brandon","Ellerman","brandon_ellerman@outlook.com","EX16 8RN",33,""
"C75","Organic","","+446192625093","Female",2000-05-09," Mariah","Trujillo","mariah_trujillo@gmail.com","HR9 6LW",2,""
"C76","Organic","","+443273488953","Male",1995-11-23," Dante","Bruce","dante_bruce@gmail.com","BA22 9DP",47,""
"C77","Organic","","+446607757298","Male",1981-06-02," Lexis","Estrada","lexis_estrada@yahoo.com","NN16 9UZ",9,""
"C78","Paid","","+441186797248","Female",1984-06-15," Blake","Anthony","blake_anthony@outlook.com","CW1 5PJ",30,"37"
"C79","Organic","","+44238779397","Male",1988-07-25," Johannah","Watkins","johannah_watkins@outlook.com","NP19 0PY",9,""
"C80","Paid","","+448922760038","Male",2001-01-11," Woo Tack","Pham","wootack_pham@outlook.com","KT1 4HN",4,"44"
"C81","Paid","","+448874915655","Female",1988-02-29," Hazeela","al-Abbas","hazeela_al-abbas@outlook.com","N10 3UL",2,"37"
"C82","Paid","","+442748420136","Male",1996-09-24," Imagine","Duba","imagine_duba@outlook.com","WF17 8DN",34,"38"
"C83","Organic","","+447600313583","Female",1991-07-15," Akaycia","Sesay","akaycia_sesay@yahoo.com","CR7 9FW",38,""
"C84","Paid","","+44700109319","Female",1998-03-10," Sofya","Terrion","sofya_terrion@hotmail.com","CF39 0EX",47,"49"
"C85","Paid","","+447297457350","Male",1992-05-09," Alexis","Hanna","alexis_hanna@yahoo.com","DN2 5PU",36,"49"
"C86","Referral","C81","+443683732892","Male",1993-06-24," Luis","Apio-White","luis_apio-white@gmail.com","S7 2BQ",16,""
"C87","Organic","","+44366125515","Female",2000-02-21," Catherine","Chaudhry","catherine_chaudhry@yahoo.com","EN1 3UJ",50,""
"C88","Organic","","+441998825195","Female",1987-06-13," Haala","el-Hashim","haala_el-hashim@outlook.com","WA2 7PU",50,""
"C89","Organic","","+445969200013","Male",1999-05-18," Sergio","Roybal","sergio_roybal@yahoo.com","AB32 6QB",4,""
"C90","Paid","","+441600527964","Male",1988-04-27," Jorge","Ramirez","jorge_ramirez@hotmail.com","ML5 5DA",30,"18"
"C91","Paid","","+441012739205","Female",1985-01-23," Darren","Taylor","darren_taylor@yahoo.com","NW1 7RY",47,"16"
"C92","Organic","","+449884248087","Male",1987-03-19," Tommy","Cheema","tommy_cheema@yahoo.com","ME15 8ZD",30,""
"C93","Organic","","+446669306918","Female",1997-01-10," Ladreshalek","Huguley","ladreshalek_huguley@outlook.com","W9 2AN",42,""
"C94","Organic","","+445040643444","Female",1997-06-04," Macallister","Duran","macallister_duran@yahoo.com","SL1 1TT",34,""
"C95","Organic","","+441896126505","Female",1989-11-07," Kristin","Mckinstry","kristin_mckinstry@yahoo.com","SE5 5SD",35,""
"C96","Organic","","+447116503176","Female",1995-09-02," Karina","Page","karina_page@outlook.com","CT7 9TY",43,""
"C97","Referral","C90","+443507617823","Female",1996-02-06," Helen","Byrd","helen_byrd@yahoo.com","S36 7JQ",10,""
"C98","Organic","","+44174771790","Female",1993-07-28," Nayeli","Palomino","nayeli_palomino@yahoo.com","WN8 6HT",9,""
"C99","Organic","","+44836812896","Male",1984-12-30," Isaac","Shrestha","isaac_shrestha@yahoo.com","LA11 6HW",15,""
"C100","Organic","","+445411241440","Male",1991-12-20," Janet","Nguyen","janet_nguyen@yahoo.com","NW8 6QR",46,""
"C101","Paid","","+443285518123","Male",1989-04-01," Natasha","Wise","natasha_wise@gmail.com","SG8 5LG",17,"16"
"C102","Paid","","+44359186633","Male",1995-03-15," Mashal","el-Maroun","mashal_el-maroun@yahoo.com","HA2 7RQ",47,"17"
"C103","Referral","C97","+44649846762","Female",1984-01-28," Priscilla","Gardner","priscilla_gardner@gmail.com","W1B 1QA",2,""
"C104","Organic","","+446820725231","Male",1997-05-06," Dakota","Chittum","dakota_chittum@outlook.com","NR21 7AZ",46,""
"C105","Paid","","+442031119333","Female",2003-05-25," Brendan","Hansen","brendan_hansen@gmail.com","IV24 3AD",37,"27"
"C106","Organic","","+447657846230","Female",1994-11-03," Kristen","White","kristen_white@hotmail.com","B8 2HL",33,""
"C107","Paid","","+443619019979","Male",1985-06-23," Joseph","Hamilton","joseph_hamilton@hotmail.com","GL52 8BY",9,"41"
"C108","Organic","","+443347386817","Female",1991-01-23," Shaqeeq","el-Jabour","shaqeeq_el-jabour@gmail.com","DE56 0HU",1,""
"C109","Paid","","+443676989628","Female",1986-12-13," Ruby","Warren","ruby_warren@outlook.com","LE14 2TE",12,"33"
"C110","Organic","","+442957121954","Female",1989-03-20," Stacia","Hawk","stacia_hawk@outlook.com","HR9 7JX",25,""
"C111","Organic","","+447019277458","Female",1993-11-24," Abdul Baari","el-Abed","abdulbaari_el-abed@hotmail.com","CF45 3YL",45,""
"C112","Referral","C104","+449072252860","Male",2005-03-24," Aaish","el-Rahaman","aaish_el-rahaman@yahoo.com","HD7 5TD",37,""
"C113","Paid","","+442220586474","Male",2002-07-22," Kayla","Morse","kayla_morse@gmail.com","W1F 9QA",8,"8"
"C114","Paid","","+441375587739","Male",2003-09-12," Jazmine","Rivera","jazmine_rivera@yahoo.com","WA2 0SG",40,"22"
"C115","Paid","","+447246441058","Female",1998-09-30," Rashaa","al-Kaleel","rashaa_al-kaleel@yahoo.com","EH13 0AF",45,"10"
"C116","Referral","C111","+446214841839","Male",1988-06-17," Mumtaaza","al-Yamin","mumtaaza_al-yamin@hotmail.com","LD2 3DT",31,""
"C117","Organic","","+446023954963","Female",1996-08-08," Eric","Johnson","eric_johnson@yahoo.com","WS1 9SE",45,""
"C118","Organic","","+446887018227","Male",1998-06-08," Yusuf","Steele","yusuf_steele@yahoo.com","N8 9BW",46,""
"C119","Organic","","+444134741398","Female",1986-05-10," Adelina","Vasquez","adelina_vasquez@yahoo.com","TQ9 5ST",46,""
"C120","Paid","","+447700588390","Male",1986-02-14," Won","Kishiyama","won_kishiyama@outlook.com","CT14 6EW",40,"37"
"C121","Paid","","+448943974316","Male",1998-06-16," Wajdiyya","al-Bahri","wajdiyya_al-bahri@yahoo.com","GL1 4DQ",39,"50"
"C122","Organic","","+444530630874","Male",1982-08-26," Aimee","Kessenich","aimee_kessenich@yahoo.com","B9 4XA",26,""
"C123","Organic","","+448991034059","Male",1982-12-14," Alicia","Sayers","alicia_sayers@outlook.com","HP13 6SF",22,""
"C124","Organic","","+445630241564","Female",1982-02-10," Leah","Mccarthy","leah_mccarthy@outlook.com","WR4 9PA",14,""
"C125","Paid","","+443569455227","Female",2004-11-11," Emma","Brevig","emma_brevig@outlook.com","OX15 4AN",39,"10"
"C126","Organic","","+441647703195","Male",1992-10-08," Abyad","al-Nazir","abyad_al-nazir@gmail.com","EN8 7JE",10,""
"C127","Paid","","+447709733903","Female",2000-06-08," Dominic","Willburn","dominic_willburn@outlook.com","WA14 1JH",38,"41"
"C128","Referral","C127","+448265192674","Female",1980-04-25," Nicholas","Wong","nicholas_wong@hotmail.com","PO9 4BN",46,""
"C129","Organic","","+443280392580","Male",1988-11-10," Shanna-Kay","Metoyer","shanna-kay_metoyer@hotmail.com","DT2 9AP",8,""
"C130","Organic","","+442777163917","Male",1980-12-21," Melissa","Templeton-Cox","melissa_templeton-cox@outlook.com","S61 2BH",31,""
"C131","Paid","","+447062889236","Male",1980-05-11," Shaamila","el-Ashraf","shaamila_el-ashraf@outlook.com","HX1 2HB",13,"31"
"C132","Paid","","+441527325803","Female",1996-05-01," Sakile","Walker","sakile_walker@gmail.com","S40 2SG",46,"10"
"C133","Organic","","+444420184451","Female",2000-03-15," Raul","Tallant","raul_tallant@hotmail.com","PE20 2ER",29,""
"C134","Organic","","+443567661099","Female",1992-12-28," Latasha","Schreiner","latasha_schreiner@gmail.com","NW11 6TR",2,""
"C135","Referral","C132","+445353009127","Male",1987-02-22," Tiffany","Chacon","tiffany_chacon@yahoo.com","TS1 4EN",19,""
"C136","Paid","","+442243833088","Male",1999-07-31," Tamone","Balcom","tamone_balcom@yahoo.com","B78 3UR",13,"10"
"C137","Paid","","+442798849837","Female",1998-05-19," Pang Nouchi","Kumar","pangnouchi_kumar@gmail.com","PR4 2JF",34,"36"
"C138","Organic","","+448597794330","Male",1994-01-19," Nicole","Hall","nicole_hall@hotmail.com","GL6 6DF",2,""
"C139","Organic","","+441126985492","Female",1983-09-18," Saije","Harris","saije_harris@yahoo.com","BN2 6PB",23,""
"C140","Paid","","+442594881681","Female",1999-08-23," Devaughn","O'Donnell","devaughn_o'donnell@outlook.com","G31 2JT",36,"27"
"C141","Paid","","+446653260838","Male",1992-04-21," Elijah","Muluneh","elijah_muluneh@gmail.com","YO60 6RU",9,"31"
"C142","Paid","","+449911233890","Male",1992-12-01," Raquel","Arias","raquel_arias@gmail.com","HU13 0TG",40,"37"
"C143","Organic","","+443022306605","Female",1981-12-06," Becky","Platt","becky_platt@outlook.com","N16 7TQ",47,""
"C144","Paid","","+444337590144","Male",2003-08-01," Maeve","Aghi","maeve_aghi@gmail.com","DE23 1GA",11,"26"
"C145","Organic","","+441605209198","Female",1993-01-17," Antonio","Mejia","antonio_mejia@gmail.com","UB5 6HQ",46,""
"C146","Paid","","+448230267130","Female",1982-01-04," Ryan","Altundal","ryan_altundal@outlook.com","DN14 8QD",42,"46"
"C147","Paid","","+442080905600","Female",1988-12-09," Dallen","Lopez","dallen_lopez@hotmail.com","BT47 3RU",12,"4"
"C148","Organic","","+442849659723","Male",2000-05-13," Asia","President","asia_president@outlook.com","WN3 5RE",44,""
"C149","Paid","","+445462088946","Male",1980-09-05," Kommon James","Bowyer","kommonjames_bowyer@hotmail.com","SK23 7PD",11,"49"
"C150","Organic","","+445890454080","Male",1984-04-29," Robert","Leber","robert_leber@hotmail.com","RG4 5BZ",44,""
"C151","Organic","","+444422531838","Male",1991-09-03," Surabhi","Thede","surabhi_thede@outlook.com","FY8 4BG",33,""
"C152","Organic","","+448711798264","Male",2000-12-24," Alyx","Thomas","alyx_thomas@outlook.com","NE46 4BY",11,""
"C153","Paid","","+441161371404","Male",1983-10-14," Alicia","Warren","alicia_warren@hotmail.com","TD5 7JR",21,"38"
"C154","Referral","C150","+449162807886","Female",2004-05-07," Langston","Hampton","langston_hampton@gmail.com","BN25 1ET",20,""
"C155","Organic","","+441059654700","Female",1989-03-07," Destiny","Hernandez","destiny_hernandez@gmail.com","SY1 4RT",1,""
"C156","Referral","C151","+444079570345","Female",2002-02-09," Kiley","Nordloh","kiley_nordloh@yahoo.com","PO38 2LF",45,""
"C157","Organic","","+447952846509","Male",2004-11-22," Aadil","al-Ally","aadil_al-ally@hotmail.com","GU16 9AX",36,""
"C158","Organic","","+44547279754","Female",1994-02-11," Andrew","Cox","andrew_cox@hotmail.com","M18 8PB",26,""
"C159","Organic","","+447942987239","Male",1999-03-18," Armando","Vigil","armando_vigil@outlook.com","PL13 1DR",10,""
"C160","Paid","","+443827107135","Female",1993-12-31," Afaaf","al-Hashemi","afaaf_al-hashemi@yahoo.com","GL16 7QL",48,"39"
"C161","Organic","","+444011622573","Male",1987-05-24," Danika","Gutierrez","danika_gutierrez@outlook.com","TS5 8AY",22,""
"C162","Referral","C154","+443914184174","Female",2002-04-25," Matias","Funk","matias_funk@hotmail.com","BT52 1JH",45,""
"C163","Paid","","+44195156592","Female",1983-10-25," Stephanie","Santos","stephanie_santos@outlook.com","BA11 3AT",13,"21"
"C164","Organic","","+444879037067","Female",1985-06-03," Jovanah","Desta","jovanah_desta@yahoo.com","SL4 4UF",43,""
"C165","Organic","","+441979761835","Male",1985-04-26," Angelique","Herrera","angelique_herrera@gmail.com","RG24 8EG",33,""
"C166","Organic","","+448619993410","Male",1995-10-07," Krystal","Bufano","krystal_bufano@hotmail.com","NG3 5SZ",8,""
"C167","Organic","","+445741666118","Male",2006-07-29," Drequez","Joseph","drequez_joseph@outlook.com","DL6 3EQ",6,""
"C168","Referral","C167","+441573469113","Female",1991-04-07," Farhaana","al-Popal","farhaana_al-popal@outlook.com","M13 9FL",40,""
"C169","Organic","","+448395075683","Female",2004-07-10," Maleeha","al-Kazmi","maleeha_al-kazmi@yahoo.com","FY2 0FZ",34,""
"C170","Organic","","+44512832891","Female",2001-03-04," Katherine","Guzman Martinez","katherine_guzmanmartinez@yahoo.com","FY7 7EN",27,""
"C171","Organic","","+448218128838","Male",2003-08-12," Kevin","Bridwell","kevin_bridwell@yahoo.com","CA28 9NG",2,""
"C172","Paid","","+447803992883","Male",2003-07-24," Dakotah","Trujillo","dakotah_trujillo@gmail.com","NE8 2TY",46,"1"
"C173","Paid","","+447014035372","Female",1991-08-18," Dakota","Archuleta","dakota_archuleta@yahoo.com","ST1 6AJ",24,"25"
"C174","Organic","","+444887480086","Female",2003-06-28," Shaddaad","al-Selim","shaddaad_al-selim@outlook.com","NN14 2SS",10,""
"C175","Paid","","+44762709146","Male",2000-07-24," Victoria","Vargas","victoria_vargas@yahoo.com","SA33 4SY",40,"46"
"C176","Paid","","+446391774815","Female",1985-03-01," Christina","Yazawa","christina_yazawa@outlook.com","G45 0BG",27,"23"
"C177","Paid","","+447524432855","Male",1990-01-31," Cristina","Romero","cristina_romero@yahoo.com","CV6 6FW",4,"17"
"C178","Organic","","+44922554829","Male",1993-11-26," Hugo","Salomon","hugo_salomon@hotmail.com","NN18 8HY",33,""
"C179","Organic","","+448962552906","Male",2002-07-08," Meera","Silva","meera_silva@outlook.com","BN12 4FN",39,""
"C180","Organic","","+442405490606","Female",1999-11-04," Rajab","al-Nazar","rajab_al-nazar@hotmail.com","L8 9XD",35,""
"C181","Organic","","+444885744599","Male",2000-07-21," Jacob","Richards III","jacob_richardsiii@gmail.com","DA15 0HA",33,""
"C182","Organic","","+444128504915","Male",1996-06-06," Alan","Salazar","alan_salazar@outlook.com","YO23 1JE",19,""
"C183","Paid","","+44255179745","Male",1992-01-02," Jaideep","Singh","jaideep_singh@gmail.com","YO17 6PR",4,"8"
"C184","Paid","","+449818382581","Male",1994-05-19," Mark","Jones","mark_jones@yahoo.com","OX10 6AL",49,"21"
"C185","Paid","","+442779758966","Male",1992-05-11," Demond","Calhoun","demond_calhoun@yahoo.com","SW4 8NQ",3,"1"
"C186","Paid","","+449582272720","Male",1996-10-20," Tanna","Perez","tanna_perez@gmail.com","BA16 0JR",34,"48"
"C187","Paid","","+445497798638","Male",2005-03-01," Christopher","Fisher","christopher_fisher@yahoo.com","DA6 8JY",7,"4"
"C188","Organic","","+445142844936","Female",1980-04-03," David","Jacobo","david_jacobo@outlook.com","NE47 9DL",7,""
"C189","Organic","","+441618622129","Male",1985-06-30," Sonja","Stamps","sonja_stamps@yahoo.com","UB6 8QH",33,""
"C190","Referral","C180","+448565461772","Female",1989-04-29," Ronni","Thomas","ronni_thomas@outlook.com","CO13 0HZ",1,""
"C191","Paid","","+449860222720","Male",1986-11-13," Hannah","Beaulieu","hannah_beaulieu@hotmail.com","DE73 7GH",27,"26"
"C192","Organic","","+442850916110","Female",2003-04-27," Eugene","Dorey","eugene_dorey@hotmail.com","BB3 2FT",27,""
"C193","Paid","","+444111065264","Female",1998-12-02," Saamyya","el-Hadi","saamyya_el-hadi@outlook.com","CM19 5BT",25,"49"
"C194","Organic","","+443529228649","Female",1987-11-12," Tyler","Erickson","tyler_erickson@yahoo.com","WV4 4RY",40,""
"C195","Organic","","+441312821825","Female",1993-05-03," Tiffany","Turner-Watson","tiffany_turner-watson@yahoo.com","LE17 4UJ",35,""
"C196","Organic","","+444644637622","Male",1999-06-20," Emmett","Buettner","emmett_buettner@yahoo.com","WS2 8RT",38,""
"C197","Organic","","+441869388977","Female",1990-09-08," Makenzie","Kuebler","makenzie_kuebler@outlook.com","DH3 3BA",16,""
"C198","Paid","","+44781987239","Male",1992-03-02," Daniel","Vue","daniel_vue@hotmail.com","WR3 8EY",26,"27"
"C199","Paid","","+44300672668","Male",1983-01-26," Kanae","Washburn","kanae_washburn@hotmail.com","LE9 7HL",5,"46"
"C200","Paid","","+444970810701","Male",1983-06-08," Justin","Magnuson","justin_magnuson@yahoo.com","CT16 2PQ",18,"34"
