"CUSTOMER_ID","ACQUISITION_TYPE","REFERENCE_ID","PHONE_NUMBER","CUSTOMER_GENDER","DATE_OF_BIRTH","FIRST_NAME","LAST_NAME","CUSTOMER_EMAIL","POST_CODE","HOUSE_NUMBER","AD_ID"
"C1","Paid","","3216356629","Male","1987-12-30"," Najeem","al-Miah","najeem_al-miah@gmail.com","WC2B 5TD","35","AD1031"
"C2","Paid","","1208970005","Female","1996-03-09"," Ahmed","el-Kaber","ahmed_el-kaber@gmail.com","MK43 9HP","21","AD1041"
"C3","Organic","","2978050392","Male","1994-10-22"," David","Song","david_song@gmail.com","TR3 6AH","23",""
"C4","Organic","","7471049790","Female","1985-01-29"," Adnaan","al-Shams","adnaan_al-shams@yahoo.com","EH47 7LJ","40",""
"C5","Paid","","3702181298","Female","1998-09-09"," Destiny","Tucker","destiny_tucker@hotmail.com","YO7 2EA","30","AD1021"
"C6","Paid","","2964319171","Male","2001-10-22"," Lakota","Lenahan","lakota_lenahan@hotmail.com","SG8 5QG","45","AD1012"
"C7","Paid","","8656187632","Female","1990-03-17"," Nawwaara","al-Nawaz","nawwaara_al-nawaz@outlook.com","NP11 6RP","38","AD1014"
"C8","Paid","","4148063875","Female","2002-07-07"," Sarah","Vialpando","sarah_vialpando@outlook.com","BS35 1FE","35","AD1011"
"C9","Organic","","1738076692","Female","1996-11-04"," Siddeeqi","el-Rafiq","siddeeqi_el-rafiq@hotmail.com","GL12 7AT","48",""
"C10","Paid","","3909994454","Male","2006-12-20"," Paige","Stenson","paige_stenson@outlook.com","EH4 4GX","12","AD1020"
"C11","Organic","","6982431774","Female","1996-10-08"," Chiahci","Auyeung","chiahci_auyeung@outlook.com","CH8 7SF","35",""
"C12","Organic","","8519052515","Male","1986-06-21"," Karen","Summers","karen_summers@hotmail.com","HD1 3JR","1",""
"C13","Paid","","4450296928","Female","1989-09-11"," Nawwaara","al-Nawaz","nawwaara_al-nawaz@gmail.com","BS16 7PJ","29","AD1023"
"C14","Paid","","3860334119","Female","1992-05-21"," Isaac","Seiler","isaac_seiler@outlook.com","SG3 6JJ","25","AD1028"
"C15","Organic","","2152383833","Female","1996-11-11"," Eric Thuc","Zhang","ericthuc_zhang@outlook.com","GY6 8EX","19",""
"C16","Organic","","8180587709","Female","1985-06-17"," Marcus","Wilson","marcus_wilson@yahoo.com","N8 9AA","39",""
"C17","Organic","","3881081813","Male","1981-08-23"," Ashanee","Sullivan","ashanee_sullivan@hotmail.com","LE4 7PF","34",""
"C18","Paid","","9412040276","Male","2001-01-11"," Justin","Early","justin_early@hotmail.com","BD19 4BG","19","AD1033"
"C19","Paid","","9913755305","Male","1986-08-27"," Lakota","Lenahan","lakota_lenahan@hotmail.com","RG27 8QF","6","AD1029"
"C20","Organic","","9847697264","Male","1989-11-18"," Haseena","el-Samaan","haseena_el-samaan@outlook.com","RG14 1JY","9",""
"C21","Referral","C15","7351194117","Female","2002-02-27"," Isaac","Seiler","isaac_seiler@gmail.com","SL7 2QD","24",""
"C22","Paid","","3390700106","Female","1987-11-04"," Katrina","Zhang Cheung","katrina_zhangcheung@yahoo.com","HR1 3DX","41","AD1041"
"C23","Paid","","2280205907","Female","1984-02-15"," Ashanee","Sullivan","ashanee_sullivan@outlook.com","BB8 7BZ","7","AD1018"
"C24","Organic","","6031517920","Male","2002-11-09"," Victor","Thesz","victor_thesz@hotmail.com","DL13 3JW","31",""
"C25","Organic","","5222913356","Male","2005-12-01"," Adrian","Mendoza","adrian_mendoza@gmail.com","WN6 7NQ","15",""
"C26","Paid","","8811683849","Male","1989-09-13"," David","Hemlock","david_hemlock@gmail.com","WS4 1JY","35","AD1029"
"C27","Organic","","8283587638","Male","1981-08-28"," Kenny","Yee","kenny_yee@yahoo.com","NW2 2QD","18",""
"C28","Paid","","2879059925","Female","1983-10-07"," Eric Thuc","Zhang","ericthuc_zhang@gmail.com","BT61 8DH","40","AD1003"
"C29","Organic","","1872985447","Female","1993-08-07"," Michael","Baker","michael_baker@hotmail.com","TQ7 4AE","23",""
"C30","Organic","","5343992087","Male","1981-08-10"," Jennifer","Park","jennifer_park@yahoo.com","PL14 3AX","36",""
"C31","Organic","","7412417636","Male","2001-11-11"," Soomin","Caotrieu","soomin_caotrieu@hotmail.com","E7 0DJ","47",""
"C32","Paid","","9576223369","Male","1989-02-11"," Pelin","Ware","pelin_ware@gmail.com","GL20 8HW","14","AD1040"
"C33","Referral","C32","5260645916","Female","2004-11-16"," Brianna","Gallegos","brianna_gallegos@yahoo.com","RG14 3AP","27",""
"C34","Organic","","5823318405","Female","1989-06-18"," Christophel","Vang","christophel_vang@hotmail.com","ME7 2HS","17",""
"C35","Paid","","5372400066","Female","1998-11-30"," Rita","Velarde","rita_velarde@outlook.com","RG26 3NL","33","AD1031"
"C36","Organic","","2679691180","Male","2002-10-27"," Crystal","Johnson","crystal_johnson@hotmail.com","OX27 8TY","6",""
"C37","Paid","","4740352053","Male","1998-08-08"," Jeffrey","Baker","jeffrey_baker@outlook.com","YO22 4SH","26","AD1030"
"C38","Paid","","2496301821","Male","1996-01-18"," Trent","Simpson","trent_simpson@hotmail.com","BN22 9SG","41","AD1009"
"C39","Paid","","1456528487","Female","2004-10-12"," Samantha","Nguyen","samantha_nguyen@hotmail.com","BN9 9EY","30","AD1021"
"C40","Paid","","7582765640","Female","1996-04-03"," Savanna","Rodriguez","savanna_rodriguez@hotmail.com","N16 0HZ","19","AD1013"
"C41","Paid","","5038341480","Female","2006-07-11"," Ana","Garza-Ramirez","ana_garza-ramirez@hotmail.com","CV11 4SN","23","AD1023"
"C42","Paid","","8879808196","Female","1992-07-12"," Yoona","Schneider","yoona_schneider@hotmail.com","SO31 8LS","44","AD1035"
"C43","Referral","C42","1439052512","Male","2005-03-31"," Anika","Mclin","anika_mclin@hotmail.com","TA24 6AB","15",""
"C44","Organic","","1063290341","Female","1990-07-19"," Rita","Velarde","rita_velarde@yahoo.com","HA5 5HN","46",""
"C45","Organic","","6540043124","Female","1984-04-30"," Jenna","Solomon","jenna_solomon@outlook.com","SA18 1UG","3",""
"C46","Organic","","8489542078","Male","1980-08-03"," Mayde","Hicks","mayde_hicks@yahoo.com","SO52 9HX","42",""
"C47","Paid","","4456208882","Female","1995-12-10"," Rayvon","Bellinger","rayvon_bellinger@outlook.com","W9 3RR","10","AD1028"
"C48","Paid","","3835288884","Female","2004-11-11"," Brandi","Philipp","brandi_philipp@outlook.com","PH1 2JB","45","AD1047"
"C49","Organic","","2995774090","Male","1982-12-03"," Yoona","Schneider","yoona_schneider@gmail.com","EX13 5EB","42",""
"C50","Organic","","4073127651","Male","1989-04-26"," Marcus","Wilson","marcus_wilson@outlook.com","NG34 7PY","25",""
"C51","Organic","","2707182959","Male","1988-07-14"," Shenandoah","Stonestreet","shenandoah_stonestreet@outlook.com","WV10 9EN","40",""
"C52","Organic","","9585930307","Female","2006-01-05"," Donovan","Nguyen","donovan_nguyen@outlook.com","NE65 9LD","6",""
"C53","Paid","","8314449569","Male","2003-03-25"," Eric Thuc","Zhang","ericthuc_zhang@hotmail.com","NE36 0LZ","9","AD1026"
"C54","Organic","","9507878829","Male","1992-03-14"," Destiny","Tucker","destiny_tucker@yahoo.com","WF10 2RB","37",""
"C55","Organic","","1361154297","Female","1984-10-30"," Khaleela","al-Tabet","khaleela_al-tabet@gmail.com","CT15 4HD","13",""
"C56","Organic","","4152295242","Male","1993-10-02"," Dean","Mix","dean_mix@outlook.com","S60 2NB","48",""
"C57","Organic","","4454483400","Female","1986-08-11"," Nadeera","al-Sabir","nadeera_al-sabir@hotmail.com","BL8 2SW","44",""
"C58","Paid","","4200539036","Male","1981-12-14"," Sana","Michell","sana_michell@gmail.com","SW2 1AL","17","AD1015"
"C59","Organic","","6140658028","Female","2004-07-03"," Nhuquynh","Hang","nhuquynh_hang@gmail.com","DY5 2DP","7",""
"C60","Organic","","1801065707","Female","1994-07-31"," Shania","Leavenworth","shania_leavenworth@yahoo.com","NP4 7AW","29",""
"C61","Organic","","2491917983","Male","2002-08-22"," Dylan","Gogol","dylan_gogol@yahoo.com","GU14 0NR","29",""
"C62","Paid","","3791970202","Female","1993-09-21"," Elija","Close","elija_close@outlook.com","BT71 6JH","18","AD1010"
"C63","Paid","","1873204050","Male","2004-02-08"," Michael","Tucker","michael_tucker@outlook.com","HD3 4NY","22","AD1025"
"C64","Organic","","5834807039","Male","1990-10-21"," Shenandoah","Stonestreet","shenandoah_stonestreet@hotmail.com","SN16 9QS","35",""
"C65","Paid","","6935350029","Male","2000-12-21"," Jordana","Hernandez","jordana_hernandez@yahoo.com","CT13 0AB","5","AD1050"
"C66","Paid","","6739509571","Male","2004-10-05"," Trent","Simpson","trent_simpson@gmail.com","SO23 7XH","8","AD1025"
"C67","Organic","","4638490572","Female","1989-03-28"," Sade","Mcdowell","sade_mcdowell@gmail.com","W11 4AU","5",""
"C68","Organic","","9311221416","Male","2004-04-16"," Terell","Chung","terell_chung@gmail.com","N19 4HL","49",""
"C69","Paid","","6253179676","Female","2003-10-31"," Kyle","Bedell","kyle_bedell@yahoo.com","BD10 8ST","36","AD1006"
"C70","Paid","","7257772495","Male","2004-01-17"," Nadeera","al-Sabir","nadeera_al-sabir@gmail.com","MK18 3DP","22","AD1019"
"C71","Paid","","6797017419","Male","1990-07-14"," Kenneth","Bishop","kenneth_bishop@gmail.com","NR15 1XH","24","AD1040"
"C72","Organic","","3627787394","Male","2001-03-04"," Keren","Orona","keren_orona@outlook.com","DG2 0LF","35",""
"C73","Organic","","3287874392","Male","2006-02-06"," Kelsi","Robley","kelsi_robley@outlook.com","TS2 1QA","36",""
"C74","Paid","","6133652603","Female","1988-02-25"," Katharyn","Phaimany","katharyn_phaimany@yahoo.com","RM6 6JJ","43","AD1038"
"C75","Organic","","6243230260","Female","2000-11-20"," Annalee","Cobb","annalee_cobb@hotmail.com","B75 7JQ","21",""
"C76","Organic","","2624802570","Male","1998-01-31"," Michael","Baker","michael_baker@outlook.com","SK7 4HS","22",""
"C77","Paid","","3293816036","Female","2001-01-19"," Violet","Metzger","violet_metzger@yahoo.com","IP3 9JX","6","AD1027"
"C78","Paid","","3096643004","Male","1996-08-27"," Trent","Simpson","trent_simpson@gmail.com","WS12 2DB","10","AD1034"
"C79","Organic","","4638958601","Female","1995-10-19"," Victor","Thesz","victor_thesz@yahoo.com","WA5 3NG","41",""
"C80","Organic","","7349081167","Female","1992-03-29"," Aden","Moreno-Quezada","aden_moreno-quezada@outlook.com","DN22 7TG","1",""
"C81","Referral","C75","1957455315","Female","1982-09-04"," Bryan","Lovato","bryan_lovato@gmail.com","SK11 0HA","47",""
"C82","Paid","","1703350291","Female","1995-06-29"," Sanad","el-Tamer","sanad_el-tamer@outlook.com","DA13 9JZ","17","AD1030"
"C83","Organic","","2146248152","Male","2000-08-07"," Kenny","Yee","kenny_yee@yahoo.com","DG7 3TR","2",""
"C84","Organic","","9176289709","Male","2001-11-15"," William","Patterson","william_patterson@yahoo.com","PA23 7LS","17",""
"C85","Paid","","6874573419","Male","1995-02-20"," Austin","Dall","austin_dall@hotmail.com","RH15 0YJ","16","AD1038"
"C86","Organic","","9547171452","Male","2003-07-28"," Elija","Close","elija_close@outlook.com","NE4 7AP","48",""
"C87","Paid","","4737552939","Female","1985-07-08"," Bishal","Oliva","bishal_oliva@outlook.com","OL1 4DF","3","AD1042"
"C88","Organic","","4949110926","Male","2004-06-06"," Percilla","Hughes","percilla_hughes@gmail.com","FK6 9AE","13",""
"C89","Referral","C87","3939775480","Female","1987-03-31"," David","Hemlock","david_hemlock@outlook.com","L17 6BY","48",""
"C90","Organic","","4574169624","Male","1994-09-29"," Hunter","Hunt","hunter_hunt@yahoo.com","HU8 7HR","49",""
"C91","Organic","","9440963186","Female","2005-07-13"," Ghassaan","al-Kazemi","ghassaan_al-kazemi@yahoo.com","CV5 9NJ","43",""
"C92","Organic","","4022880855","Male","2002-12-05"," Rylee","Lopez","rylee_lopez@yahoo.com","AB25 3RF","7",""
"C93","Paid","","2060977232","Female","2003-09-21"," Malcolm","Sisaye","malcolm_sisaye@yahoo.com","EX13 5QT","21","AD1018"
"C94","Referral","C87","3139505178","Female","2002-10-29"," Sanad","el-Tamer","sanad_el-tamer@outlook.com","SR4 8BA","19",""
"C95","Organic","","4504661665","Female","2003-12-21"," Teshon","Williams","teshon_williams@hotmail.com","IG10 1DX","16",""
"C96","Organic","","6358455424","Male","1996-06-15"," Justina","Archuleta","justina_archuleta@hotmail.com","LE7 3WX","15",""
"C97","Organic","","2098672438","Male","2005-08-24"," Malcolm","Sisaye","malcolm_sisaye@outlook.com","WR11 4DH","28",""
"C98","Organic","","2098399332","Female","1994-04-16"," Bishal","Oliva","bishal_oliva@yahoo.com","UB3 1QZ","23",""
"C99","Organic","","4834453657","Female","2004-01-11"," Sidney","Ramirez","sidney_ramirez@outlook.com","WR9 7QE","5",""
"C100","Organic","","2327463501","Male","1991-05-19"," Siraaj","el-Madani","siraaj_el-madani@gmail.com","SO15 8AN","7",""
